"train_label","Linear SVM"
"1","1"
"1","1"
"1","1"
"1","1"
"1","1"
"1","1"
"1","1"
"1","1"
"1","1"
"1","1"
"1","1"
"1","1"
"1","1"
"1","1"
"1","1"
"1","1"
"1","1"
"1","-1"
"1","1"
"1","1"
"1","1"
"1","1"
"1","1"
"1","1"
"1","1"
"1","1"
"1","1"
"1","1"
"1","1"
"1","1"
"1","-1"
"1","1"
"1","1"
"1","1"
"1","1"
"1","1"
"1","1"
"1","1"
"1","1"
"1","1"
"1","1"
"1","-1"
"1","1"
"-1","1"
"-1","-1"
"-1","-1"
"-1","1"
"-1","1"
"-1","1"
"-1","1"
"-1","1"
"-1","-1"
"-1","1"
"-1","1"
"-1","-1"
"-1","1"
"-1","-1"
"-1","-1"
"-1","-1"
"-1","1"
"-1","1"
"-1","1"
"-1","-1"
"-1","-1"
"-1","1"
