"train_label","Gaussian Process_9_13"
"1","1"
"1","1"
"1","1"
"1","1"
"1","-1"
"1","1"
"1","-1"
"1","1"
"1","1"
"1","1"
"1","1"
"1","1"
"1","1"
"1","1"
"1","1"
"1","1"
"1","1"
"1","1"
"1","-1"
"1","1"
"1","1"
"1","1"
"1","1"
"1","1"
"1","1"
"1","1"
"1","1"
"1","1"
"1","1"
"1","1"
"1","1"
"1","1"
"1","1"
"1","1"
"1","1"
"1","1"
"1","1"
"1","-1"
"1","1"
"1","1"
"1","1"
"1","1"
"1","1"
"1","1"
"1","1"
"1","1"
"1","1"
"1","1"
"1","1"
"1","1"
"1","1"
"1","1"
"1","-1"
"1","1"
"1","1"
"1","1"
"1","1"
"1","-1"
"1","1"
"1","-1"
"1","1"
"1","1"
"1","1"
"1","1"
"1","1"
"1","1"
"1","1"
"1","1"
"1","1"
"1","1"
"1","1"
"1","-1"
"1","1"
"1","1"
"1","1"
"1","1"
"1","-1"
"1","1"
"1","1"
"1","1"
"1","1"
"1","1"
"1","1"
"1","1"
"1","1"
"1","1"
"1","1"
"1","1"
"1","-1"
"1","1"
"1","1"
"1","1"
"1","1"
"1","1"
"1","1"
"1","-1"
"1","1"
"1","1"
"1","1"
"1","1"
"1","1"
"1","1"
"1","1"
"1","1"
"1","1"
"1","1"
"1","1"
"1","1"
"1","1"
"1","1"
"1","1"
"1","1"
"1","1"
"1","1"
"1","1"
"1","1"
"1","1"
"1","1"
"1","1"
"1","1"
"1","1"
"1","1"
"1","1"
"1","1"
"1","1"
"1","1"
"1","1"
"1","1"
"1","1"
"-1","-1"
"-1","-1"
"-1","1"
"-1","1"
"-1","-1"
"-1","-1"
"-1","-1"
"-1","-1"
"-1","-1"
"-1","-1"
"-1","1"
"-1","-1"
"-1","-1"
"-1","-1"
"-1","-1"
"-1","1"
"-1","1"
"-1","-1"
"-1","1"
"-1","1"
"-1","-1"
"-1","-1"
"-1","1"
"-1","-1"
"-1","-1"
"-1","-1"
"-1","1"
"-1","-1"
"-1","1"
"-1","-1"
"-1","1"
"-1","-1"
"-1","1"
"-1","1"
"-1","-1"
"-1","1"
"-1","-1"
"-1","1"
"-1","-1"
"-1","1"
"-1","-1"
"-1","-1"
"-1","1"
"-1","-1"
"-1","-1"
"-1","-1"
"-1","-1"
"-1","-1"
"-1","1"
"-1","-1"
"-1","-1"
"-1","-1"
"-1","-1"
"-1","1"
"-1","-1"
"-1","1"
"-1","-1"
"-1","1"
"-1","-1"
"-1","-1"
"-1","1"
"-1","1"
"-1","-1"
"-1","1"
"-1","-1"
"-1","1"
"-1","-1"
"-1","-1"
"-1","-1"
"-1","-1"
"-1","-1"
"-1","-1"
