"train_label","Random Forest_16"
"1","-1"
"1","1"
"1","-1"
"1","1"
"1","1"
"1","-1"
"1","-1"
"1","1"
"1","1"
"1","1"
"1","1"
"1","1"
"1","1"
"1","1"
"1","1"
"1","1"
"1","1"
"1","1"
"1","1"
"1","-1"
"1","-1"
"1","1"
"1","1"
"1","1"
"1","1"
"1","1"
"1","1"
"1","1"
"1","1"
"1","1"
"1","1"
"1","1"
"1","1"
"1","1"
"1","1"
"1","1"
"1","1"
"1","1"
"1","1"
"1","1"
"1","1"
"1","1"
"1","1"
"1","1"
"1","-1"
"1","1"
"1","1"
"1","-1"
"1","1"
"1","-1"
"1","-1"
"1","1"
"1","1"
"1","1"
"1","1"
"1","1"
"1","1"
"1","-1"
"1","-1"
"1","1"
"1","1"
"1","1"
"1","-1"
"1","1"
"1","1"
"1","1"
"1","1"
"1","1"
"1","1"
"1","1"
"1","1"
"1","1"
"1","1"
"1","1"
"1","1"
"1","1"
"1","1"
"1","1"
"1","1"
"1","1"
"1","-1"
"1","1"
"1","1"
"1","1"
"1","1"
"1","1"
"1","1"
"1","1"
"1","1"
"1","1"
"1","1"
"1","1"
"1","1"
"1","1"
"1","1"
"1","1"
"1","1"
"1","1"
"1","1"
"1","1"
"1","1"
"1","-1"
"1","1"
"1","1"
"1","1"
"1","-1"
"1","1"
"1","1"
"1","1"
"1","1"
"1","1"
"1","1"
"1","1"
"1","1"
"1","1"
"1","-1"
"1","1"
"1","1"
"1","1"
"1","1"
"1","1"
"1","1"
"1","1"
"1","1"
"1","1"
"1","1"
"1","1"
"1","1"
"1","1"
"-1","1"
"-1","1"
"-1","1"
"-1","1"
"-1","1"
"-1","1"
"-1","1"
"-1","1"
"-1","1"
"-1","1"
"-1","-1"
"-1","1"
"-1","1"
"-1","1"
"-1","1"
"-1","1"
"-1","1"
"-1","1"
"-1","1"
"-1","1"
"-1","1"
"-1","-1"
"-1","1"
"-1","1"
"-1","1"
"-1","1"
"-1","1"
"-1","1"
"-1","1"
"-1","1"
"-1","1"
"-1","1"
"-1","1"
"-1","-1"
"-1","1"
"-1","1"
"-1","1"
"-1","1"
"-1","1"
"-1","-1"
"-1","1"
"-1","1"
"-1","1"
"-1","1"
"-1","-1"
"-1","1"
"-1","-1"
"-1","-1"
"-1","1"
"-1","1"
"-1","-1"
"-1","1"
"-1","1"
"-1","1"
"-1","1"
"-1","1"
"-1","1"
"-1","1"
"-1","1"
"-1","1"
"-1","1"
"-1","1"
"-1","-1"
"-1","1"
"-1","-1"
"-1","-1"
"-1","1"
"-1","1"
"-1","1"
"-1","1"
"-1","1"
"-1","1"
